,title,img,isbn,author,author_info,description,year,publisher,pages,oryginal_title,amazon_link,translation_by,link_helion,code
"https://helion.pl/ksiazki/programowanie-sterowane-testami-w-pythonie-jak-tworzyc-skalowalne-zestawy-testow-i-aplikacji-alessandro-molina,proste.htm",Programowanie sterowane testami w Pythonie. Jak tworzyć skalowalne zestawy testów i aplikacji,https://static01.helion.com.pl/global/okladki/326x466/proste.jpg,9788328386648,Alessandro Molina,"['Alessandro Molina od dwóch dekad programuje w Pythonie. Pasjonuje się zastosowaniem tego języka do tworzenia aplikacji internetowych. Obecnie pracuje nad frameworkami TurboGears2 i Beaker. Opracował framework plikowej pamięci masowej DEPOT i prosty interpreter JavaScriptu dla Pythona, nazwany DukPy. Brał też udział w takich projektach Pythona jak FormEncode, ToscaWidgets i Ming MongoDB ORM.\n']","['\nSpośród wielu koncepcji tworzenia oprogramowania na szczególną uwagę zasługuje model programowania sterowanego testami, znany jako TDD. Technika ta opiera się na integracji procesów projektowania aplikacji i pisania kodu z prowadzeniem testów. Mimo że taki sposób pracy wydaje się dość wymagający dla zespołów deweloperów, łatwo się przekonać, że TDD pozwala na stałe uzyskiwanie dobrych efektów, a opracowane tą metodą aplikacje zaskakują stabilnością i przewidywalnością w środowisku produkcyjnym.\nW tej praktycznej książce dokładnie opisano koncepcje przeprowadzania testów oprogramowania, a szczególny akcent położono na model programowania sterowanego testami. Przedstawiono w niej również szeroką gamę przydatnych do testowania narzędzi, takich jak wbudowany w Pythona moduł testów jednostkowych unittest, frameworki pytest i Robot, a także biblioteka webtest. Omówiono też zasady projektowania testów, testowania kodu podczas implementacji nowych funkcjonalności i tworzenia pełnych zbiorów testów. Ponadto dokładnie zaprezentowano najlepsze praktyki związane z testami automatycznymi i modelem programowania TDD. Poszczególne koncepcje zostały zilustrowane praktycznymi przykładami zastosowania narzędzi dostępnych w Pythonie.\nW książce między innymi:\n\nnajlepsze praktyki dotyczące projektowania testów\npraca z frameworkiem pytest przeznaczonym do testowania aplikacji\ntworzenie testów funkcjonalnych dla aplikacji WSGI za pomocą biblioteki webtest\nzasady programowania sterowanego testami\ntechniki tworzenia niezawodnych aplikacji w Pythonie\n\nNajważniejsze jest testowanie kodu - od pierwszej linii!\n']",2022,Helion,296,Crafting Test-Driven Software with Python: Write test suites that scale with your applications,http://www.amazon.com/exec/obidos/ASIN/183864265X/helion-20,Robert Górczyński,https://helion.pl/ksiazki/proste.htm,//helion.pl/pobierz-przyklady/proste/
"https://helion.pl/ksiazki/czysty-kod-w-pythonie-tworz-wydajny-i-latwy-w-utrzymaniu-kod-wydanie-ii-mariano-anaya,czyko2.htm",Czysty kod w Pythonie. Twórz wydajny i łatwy w utrzymaniu kod. Wydanie II,https://static01.helion.com.pl/global/okladki/326x466/czyko2.jpg,9788328386112,Mariano Anaya,"['Mariano Anaya jest doświadczonym inżynierem oprogramowania. Tworzy oprogramowanie i wspiera innych programistów. Zajmuje się architekturą oprogramowania, programowaniem funkcyjnym i systemami rozproszonymi. Był prelegentem na konferencjach EuroPython w latach 2016 i 2017, a także FOSDEM w 2019 roku.\n']","['\nPopularność Pythona, ulubionego języka programistów i naukowców, stale rośnie. Jest on bowiem łatwy do nauczenia się: nawet początkujący programista może napisać działający kod. W efekcie, mimo że Python pozwala na pisanie kodu przejrzystego i prostego w konserwacji, zdarzają się przypadki kodu źle zorganizowanego, nieczytelnego i praktycznie nietestowalnego. Jedną z przyczyn tego stanu rzeczy jest tendencja niektórych programistów do pisania kodu bez czytelnej struktury. Zidentyfikowanie takich problemów i ich rozwiązywanie nie jest łatwym zadaniem.\nDzięki tej książce nauczysz się korzystać z kilku narzędzi służących do zarządzania projektami napisanymi w Pythonie. Dowiesz się, czym się charakteryzuje czysty kod i jakie techniki umożliwiają tworzenie czytelnego i wydajnego kodu. Przekonasz się, że do tego celu wystarczą standardowa biblioteka Pythona i zestaw najlepszych praktyk programistycznych. Opisano tu szczegóły programowania obiektowego w Pythonie wraz z zastosowaniem deskryptorów i generatorów. Zaprezentowano również zasady testowania oprogramowania i sposoby rozwiązywania problemów poprzez implementację wzorców projektowych w kodzie. Pokazano też, jak można podzielić monolityczną aplikację na mikrousługi, by otrzymać solidną architekturę aplikacji.\nW książce między innymi:\n\nkonfiguracja wydajnego środowiska programistycznego\ntworzenie zaawansowanych projektów obiektowych\ntechniki eliminacji zdublowanego kodu i tworzenie rozbudowanych abstrakcji\nzastosowanie dekoratorów i deskryptorów\nskuteczna refaktoryzacja kodu\nbudowa solidnej architektury opartej na czystym kodzie Pythona\n\nCzysty kod w Pythonie. Tylko taki warto pisać!\n']",2022,Helion,360,"Clean Code in Python: Develop maintainable and efficient code, 2nd Edition",http://www.amazon.com/exec/obidos/ASIN/1800560214/helion-20,Radosław Meryk,https://helion.pl/ksiazki/czyko2.htm,//helion.pl/pobierz-przyklady/czyko2/
"https://helion.pl/ksiazki/bezpieczenstwo-sieci-w-pythonie-rozwiazywanie-problemow-za-pomoca-skryptow-i-bibliotek-wydanie-ii-jose-manuel-ortega,bezsp2.htm",Bezpieczeństwo sieci w Pythonie. Rozwiązywanie problemów za pomocą skryptów i bibliotek. Wydanie II,https://static01.helion.com.pl/global/okladki/326x466/bezsp2.jpg,9788328382558,José Manuel Ortega,"['Jose Manuel Ortega Candel jest inżynierem oprogramowania i analitykiem bezpieczeństwa. Specjalizuje się w nowych technologiach i testowaniu otwartego oprogramowania. Współpracował z uczelniami informatycznymi, publikował artykuły i organizował konferencje. Był także prelegentem na różnych krajowych i międzynarodowych spotkaniach.\n']","['\nPopularność Pythona wynika z jego wszechstronności, prostoty, a także ze zwięzłości i z łatwości pisania kodu. Rozbudowywana z każdą aktualizacją kolekcja narzędzi i bibliotek pozwala na używanie Pythona do coraz bardziej specjalistycznych zadań, takich jak zabezpieczanie sieci. O tym, że skuteczna ochrona sieci ma krytyczne znaczenie dla organizacji, świadczą powtarzające się przypadki cyberataków i utraty cennych danych. Warto więc wykorzystać możliwości Pythona do wykrywania zagrożeń i rozwiązywania różnych problemów związanych z siecią.\nTę książkę docenią specjaliści do spraw bezpieczeństwa i inżynierowie sieci. Dzięki niej zapoznasz się z najnowszymi pakietami i bibliotekami Pythona i nauczysz się pisać skrypty, które pozwolą Ci zabezpieczyć sieć na wielu poziomach. Dowiesz się, w jaki sposób przesyłać dane i korzystać z sieci Tor. Nauczysz się też identyfikować podatności systemu na ataki, aby tym skuteczniej zapewnić mu bezpieczeństwo. W naturalny sposób przyswoisz wiedzę, która pozwoli Ci tworzyć w Pythonie bezpieczne aplikacje, zaczniesz również stosować techniki kryptograficzne i steganograficzne. Znajdziesz tu także wskazówki, jak rozwiązywać różne problemy sieciowe, pisać skrypty do wykrywania zagrożeń sieci i stron internetowych, zabezpieczać urządzenia końcowe, pozyskiwać metadane i pisać skrypty kryptograficzne.\nNajważniejsze zagadnienia:\n\nskrypty automatyzujące procedury bezpieczeństwa i testy penetracyjne\nnarzędzia programistyczne służące do zabezpieczania sieci\nautomatyczna analiza serwerów\nwykrywanie podatności na ataki i analiza bezpieczeństwa\npraca z siecią Tor\nstosowanie narzędzi do analizy śledczej\n\nPython w sieci: najlepsza ochrona!\n']",2021,Helion,384,"Mastering Python for Networking and Security: Leverage the scripts and libraries of Python version 3.7 and beyond to overcome networking and security issues, 2nd Edition",http://www.amazon.com/exec/obidos/ASIN/1839217162/helion-20,Andrzej Watrak,https://helion.pl/ksiazki/bezsp2.htm,//helion.pl/pobierz-przyklady/bezsp2/
"https://helion.pl/ksiazki/czyszczenie-danych-w-pythonie-receptury-nowoczesne-techniki-i-narzedzia-pythona-do-wykrywania-i-el-michael-walker,czydap.htm",Czyszczenie danych w Pythonie. Receptury. Nowoczesne techniki i narzędzia Pythona do wykrywania i eliminacji zanieczyszczeń oraz wydobywania kluczowych cech z danych,https://static01.helion.com.pl/global/okladki/326x466/czydap.jpg,9788328380295,Michael Walker,"['Michael Walker jest analitykiem danych. Od ponad trzydziestu lat zajmuje się tym zagadnieniem w różnych instytucjach edukacyjnych. Od 2006 roku prowadzi na wyższych uczelniach zajęcia z analizy danych, metod badawczych, statystyki i programowania. Poza tym tworzy raporty dla fundacji i sektora publicznego, a także publikuje analizy w czasopismach naukowych.\n']","['\nPrzetwarzanie dużych ilości danych daje wiedzę, która leży u podstaw istotnych decyzji podejmowanych przez organizację. Pozwala to na uzyskiwanie znakomitych efektów: techniki wydobywania wiedzy z danych stają się coraz bardziej wyrafinowane. Podstawowym warunkiem sukcesu jest uzyskanie odpowiedniej jakości danych. Wykorzystanie niespójnych i niepełnych informacji prowadzi do podejmowania błędnych decyzji. Konsekwencją mogą być straty finansowe, stwarzanie konkretnych zagrożeń czy uszczerbek na wizerunku. A zatem oczyszczanie jest wyjątkowo ważną częścią analizy danych.\nTa książka jest praktycznym zbiorem gotowych do użycia receptur, podanych tak, aby maksymalnie ułatwić proces przygotowania danych do analizy. Omówiono tu takie kwestie dotyczące danych jak importowanie, ocena ich jakości, uzupełnianie braków, porządkowanie i agregacja, a także przekształcanie. Poza zwięzłym omówieniem tych zadań zaprezentowano najskuteczniejsze techniki ich wykonywania za pomocą różnych narzędzi: Pandas, NumPy, Matplotlib czy SciPy. W ramach każdej receptury wyjaśniono skutki podjętych działań. Cennym uzupełnieniem jest zestaw funkcji i klas zdefiniowanych przez użytkownika, które służą do automatyzacji oczyszczania danych. Umożliwiają one też dostrojenie procesu do konkretnych potrzeb.\nW książce znajdziesz receptury, dzięki którym:\n\nwczytasz i przeanalizujesz dane z różnych źródeł\nuporządkujesz dane, poprawisz ich błędy i uzupełnisz braki\nefektywnie skorzystasz z bibliotek Pythona\nzastosujesz wizualizacje do analizy danych\nnapiszesz własne funkcje i klasy do automatyzacji procesu oczyszczania danych\n\nPrawdziwą wartość mają tylko oczyszczone i spójne dane!\n']",2021,Helion,328,Python Data Cleaning Cookbook: Modern techniques and Python tools to detect and remove dirty data and extract key insights,http://www.amazon.com/exec/obidos/ASIN/1800565666/helion-20,Filip Kamiński,https://helion.pl/ksiazki/czydap.htm,//helion.pl/pobierz-przyklady/czydap/
"https://helion.pl/ksiazki/statystyka-praktyczna-w-data-science-50-kluczowych-zagadnien-w-jezykach-r-i-python-wydanie-ii-peter-bruce-andrew-bruce-peter-gedeck,stpra2.htm",Statystyka praktyczna w data science. 50 kluczowych zagadnień w językach R i Python. Wydanie II,https://static01.helion.com.pl/global/okladki/326x466/stpra2.jpg,9788328374270,"Peter Bruce, Andrew Bruce, Peter Gedeck","['Peter Bruce jest ekspertem w dziedzinie nauczania statystyki. Prowadzi Institute for Statistics Education, gdzie oferuje setki kursów skierowanych między innymi do naukowców.\xa0\r\n\xa0\n', 'Dr Andrew Bruce jest głównym analitykiem w Amazonie. Od trzydziestu lat zajmuje się statystyką i nauką o danych, opracowując rozwiązania problemów z wielu branż.\xa0\r\n\xa0\n', 'Dr Peter Gedeck jest badaczem w Collaborative Drug Discovery. Tworzy algorytmy uczenia maszynowego do przewidywania właściwości substancji stanowiących potencjalne leki.\xa0\n']","['\nMetody statystyczne są kluczowym narzędziem w data science, mimo to niewielu analityków danych zdobyło wykształcenie w ich zakresie. Może im to utrudniać uzyskiwanie dobrych efektów. Zrozumienie praktycznych zasad statystyki okazuje się ważne również dla programistów R i Pythona, którzy tworzą rozwiązania dla data science. Kursy podstaw statystyki rzadko jednak uwzględniają tę perspektywę, a większość podręczników do statystyki w ogóle nie zajmuje się narzędziami wywodzącymi się z informatyki.\nTo drugie wydanie popularnego podręcznika statystyki przeznaczonego dla analityków danych. Uzupełniono je o obszerne przykłady w Pythonie oraz wyjaśnienie, jak stosować poszczególne metody statystyczne w problemach data science, a także jak ich nie używać. Skoncentrowano się też na tych zagadnieniach statystyki, które odgrywają istotną rolę w data science. Wyjaśniono, które koncepcje są ważne i przydatne z tej perspektywy, a które mniej istotne i dlaczego. Co ważne, poszczególne koncepcje i zagadnienia praktyczne przedstawiono w sposób przyswajalny i zrozumiały również dla osób nienawykłych do posługiwania się statystyką na co dzień.\nW książce między innymi:\n\nanaliza eksploracyjna we wstępnym badaniu danych\npróby losowe a jakość dużych zbiorów danych\npodstawy planowania eksperymentów\nregresja w szacowaniu wyników i wykrywaniu anomalii\nstatystyczne uczenie maszynowe\nuczenie nienadzorowane a znaczenie danych niesklasyfikowanych\n\nStatystyka: klasyczne narzędzia w najnowszych technologiach!\n']",2021,Helion,296,"Practical Statistics for Data Scientists: 50+ Essential Concepts Using R and Python, 2nd Edition",http://www.amazon.com/exec/obidos/ASIN/149207294X/helion-20,"Krzysztof Sawka, Marta Danch-Wierzchowska",https://helion.pl/ksiazki/stpra2.htm,//helion.pl/pobierz-przyklady/stpra2/
"https://helion.pl/ksiazki/kod-pythona-w-jednym-wierszu-jak-profesjonalisci-pisza-programy-doskonale-christian-mayer,kopywi.htm",Kod Pythona w jednym wierszu. Jak profesjonaliści piszą programy doskonałe,https://static01.helion.com.pl/global/okladki/326x466/kopywi.jpg,9788328374911,Christian Mayer,['Dr Christian Mayer jest pasjonatem Pythona. Założył i prowadzi popularną stronę poświęconą Pythonowi (https://blog.finxter.com/). Jego wybitne umiejętności przekazywania wiedzy są doceniane przez tysiące adeptów tego języka programowania. Jest autorem książek z serii Coffee Break Python.\n'],"['\n\n\n\nW Pythonie najlepsza jest wyrazistość, zwięzłość i interaktywność kodu. To są właśnie cechy kodu idealnego: każdy bit powinien być dziełem sztuki. Python pozwala na wyrażenie jednej myśli na wiele sposobów. Mistrz programowania zna je wszystkie i w konkretnej sytuacji wybiera ten najbardziej trafny i zwięzły. Rozwiązywanie złożonych problemów programistycznych za pomocą jednego wiersza kodu daje przecież dużą satysfakcję. Osiągnięcie tak wyrafinowanych umiejętności wymaga jednak pokonania wielu drobnych trudności, jakie napotyka osoba ucząca się Pythona.\nTa książka ułatwi Ci naukę czytania i pisania zwięzłych, użytecznych instrukcji zajmujących jeden wiersz kodu. Nauczysz się także systematycznie rozkładać dowolny blok kodu na części pierwsze. Stopniowo Twój kod Pythona będzie się stawał piękny, zwięzły i prosty. Znajdziesz tu liczne wskazówki, zapoznasz się też z takimi zagadnieniami jak uczenie maszynowe, podstawy nauki o danych i użyteczne algorytmy. Niejako przy okazji poznasz i zrozumiesz kluczowe pojęcia z dziedziny informatyki i zaczniesz używać zaawansowanych funkcji Pythona, takich jak listy składane, wycinanie, funkcje lambda, wyrażenia regularne, funkcje map i reduce oraz przypisywanie do wycinków.\nW książce między innymi:\n\nstosowanie struktur danych do rozwiązywania rzeczywistych problemów\npodstawowe funkcjonalności biblioteki NumPy\nstatystyki wielowymiarowych tablic danych\nalgorytm k-średnich w uczeniu nienadzorowanym\nzaawansowane wyrażenia regularne\nanagramy, palindromy, zbiory potęgowe, permutacje, silnie, liczby pierwsze, ciąg Fibonacciego, zatajanie tekstu, wyszukiwanie i sortowanie algorytmiczne\n\nZen Pythona: liczy się czytelność!\n']",2021,Helion,216,"Python One-Liners: Write Concise, Eloquent Python Like a Professional",http://www.amazon.com/exec/obidos/ASIN/1718500505/helion-20,Leszek Sagalara,https://helion.pl/ksiazki/kopywi.htm,//helion.pl/pobierz-przyklady/kopywi/
"https://helion.pl/ksiazki/django-3-praktyczne-tworzenie-aplikacji-sieciowych-wydanie-iii-antonio-mele,dj3pt3.htm",Django 3. Praktyczne tworzenie aplikacji sieciowych. Wydanie III,https://static01.helion.com.pl/global/okladki/326x466/dj3pt3.jpg,9788328372504,Antonio Melé,"['Antonio Melé\xa0jest informatykiem, a projektami Django zajmuje się od 2006 roku. Opiekuje się hiszpańską społecznością użytkowników Django (django.es). Jest założycielem Zenx IT — firmy informatycznej tworzącej aplikacje sieciowe dla klientów z różnych sektorów gospodarki. Melé brał również udział w tworzeniu wielu startupów informatycznych.\n']","['\nTwórz od podstaw rozbudowane i niezawodne aplikacje webowe w Pythonie\nDjango jest potężnym frameworkiem służącym do tworzenia aplikacji internetowych w Pythonie. Pozwala na pełne wykorzystywanie zalet tego języka, takich jak przejrzystość, elastyczność, wszechstronność i łatwość uczenia się. Wykorzystywanie Django do budowania aplikacji w Pythonie jest atrakcyjną możliwością zarówno dla początkujących, jak i zaawansowanych programistów. Aby jednak zapewnić tworzonym projektom odpowiednią, profesjonalną jakość, trzeba się nauczyć rozwiązywać problemy powstające podczas tworzenia aplikacji internetowych, stosować najlepsze praktyki programistyczne, a także skutecznie wdrażać i testować aplikację.\nTo trzecie wydanie praktycznego przewodnika po budowie aplikacji internetowych. Krok po kroku opisano w nim wszystkie istotne elementy procesu projektowania i wdrażania aplikacji: bloga, witryny społecznościowej, sklepu internetowego oraz platformy e-learningowej. Zawarte tu szczegółowe wskazówki pomogą integrować popularne technologie, usprawniać aplikacje z wykorzystaniem technik AJAX, tworzyć API REST oraz konfigurować środowisko produkcyjne dla projektów Django. Dzięki tej książce niepostrzeżenie opanujesz najistotniejsze zasady pracy w Django - i czym prędzej zaczniesz od podstaw budować praktyczne projekty. Nowością w tym wydaniu jest rozdział poświęcony projektowaniu serwera czatu z wykorzystaniem serwera Django Channels.\nW tej książce:\n\npraktyczna strona projektowania aplikacji internetowych\npodstawy Django, w tym ORM, szablony, adresy URL, formularze i uwierzytelnianie\nfunkcje zaawansowane: niestandardowe pola modelu i oprogramowanie pośredniczące\nwykorzystanie technik AJAX, system płatności, CMS, API RESTful\nintegracja projektu z takimi technologiami jak Redis, RabbitMQ, PostgreSQL i Channels\nwdrażanie projektów Django za pomocą NGINX, uWSGI i Daphne\n\nDjango - wypróbowany framework dla profesjonalnych projektantów!\n']",2021,Helion,488,"Django 3 By Example: Build powerful and reliable Python web applications from scratch, 3rd Edition",http://www.amazon.com/exec/obidos/ASIN/1838981950/helion-20,"Radosław Meryk, Robert Górczyński",https://helion.pl/ksiazki/dj3pt3.htm,//helion.pl/pobierz-przyklady/dj3pt3/
"https://helion.pl/ksiazki/python-dla-devops-naucz-sie-bezlitosnie-skutecznej-automatyzacji-noah-gift-kennedy-behrman-alfredo-deza-grig-ghe,pytdev.htm",Python dla DevOps. Naucz się bezlitośnie skutecznej automatyzacji,https://static01.helion.com.pl/global/okladki/326x466/pytdev.jpg,9788328368309,"Noah Gift, Kennedy Behrman, Alfredo Deza, Grig Gheorghiu","['Noah Gift\xa0- jest wykładowcą na uniwersytetach Northwestern i Duke’a. Prowadzi zajęcia z inżynierii danych oraz informatyki.\n', 'Kennedy Behrman\xa0- jest doświadczonym konsultantem specjalizującym się w tworzeniu architektury i implementacji rozwiązań w chmurze dla start-upów.\n', 'Alfredo Deza\xa0- jest inżynierem oprogramowania i programistą open source.\n', 'Grig Gheorghiu\xa0- jest kierownikiem laboratorium badawczego, architektem systemów, sieci i zabezpieczeń oraz inżynierem testów kodu.\n']","['\nOstatnia dekada zmieniła oblicze IT. Kluczowego znaczenia nabrały big data, a chmura i automatyzacja rozpowszechniły się wszędzie tam, gdzie mowa o efektywności. Inżynierowie muszą wykorzystywać zalety systemów linuksowych w codziennej praktyce, aby zapewnić należyty poziom automatyzacji swoich zadań. Do tych celów świetnie nadaje się Python. Język ten zdobywa coraz większe uznanie z uwagi na jego wszechstronność, jak również wydajność, przenaszalność i bezpieczeństwo kodu. Warto więc wykorzystywać Pythona do administrowania systemami Linux wraz z takimi narzędziami DevOps jak Docker, Kubernetes i Terraform.\nDzięki tej książce dowiesz się, jak sobie z tym poradzić. Znalazło się w niej krótkie wprowadzenie do Pythona oraz do automatyzacji przetwarzania tekstu i obsługi systemu plików, a także do pisania własnych narzędzi wiersza poleceń. Zaprezentowano również przydatne narzędzia linuksowe, systemy zarządzania pakietami oraz systemy budowania, monitorowania i automatycznego testowania kodu. Zagadnienia te szczególnie zainteresują specjalistów DevOps. Ponadto zawarto tu podstawowe informacje o chmurze obliczeniowej, usługach IaC i systemach Kubernetes. Omówiono zasady uczenia maszynowego i inżynierii danych z perspektywy DevOps. Przedstawiono także kompletny przewodnik po procesach budowania, wdrażania oraz operacyjnego wykorzystywania modelu uczenia maszynowego z użyciem systemów Flask, sklearn, Docker i Kubernetes.\nW tej książce:\n\nwprowadzenie do Pythona\nautomatyczne przetwarzanie tekstu oraz automatyzacja operacji na plikach\nautomatyzacja za pomocą sprawdzonych narzędzi linuksowych\nchmura, infrastruktura jako kod, Kubernetes i tryb bezserwerowy\nuczenie maszynowe i inżynieria danych z perspektywy DevOps\ntworzenie i operacjonalizacja projektu uczenia maszynowego\n\nPython: tutaj ważna jest prawdziwa nowoczesność oprogramowania!\n']",2020,Helion,464,Python for DevOps: Learn Ruthlessly Effective Automation,http://www.amazon.com/exec/obidos/ASIN/149205769X/helion-20,Radosław Meryk,https://helion.pl/ksiazki/pytdev.htm,//helion.pl/pobierz-przyklady/pytdev/
"https://helion.pl/ksiazki/python-dla-programistow-big-data-i-ai-studia-przypadkow-paul-j-deitel-harvey-deitel,pytprs.htm",Python dla programistów. Big Data i AI. Studia przypadków,https://static01.helion.com.pl/global/okladki/326x466/pytprs.jpg,9788328363946,"Paul J. Deitel, Harvey Deitel","['Paul Deitel jest dyrektorem w firmie Deitel & Associates, Inc. Uczył programowania w ramach współpracy z firmami: Cisco, IBM, Siemens, Sun Microsystems, Dell, Lucent Technologies, NASA, Boeing, Puma, iRobot i wieloma innymi. Jest współautorem wielu podręczników programowania.\n', 'Dr Harvey M. Deitel ma ponad 55 lat doświadczenia informatycznego. Również ukończył MIT, a na Uniwersytecie Bostońskim zdobył stopień doktora matematyki. Uczył programowania na uczelniach, w urzędach, firmach i wojsku. Publikacje Deitelów są rozpoznawane na całym świecie i były tłumaczone na dziesiątki języków.\n']","['\nProgramiści lubią Pythona. Ujmuje ich wyrazistość, zwięzłość i interaktywność kodu, a także bogata kolekcja narzędzi i bibliotek. Zalety te są uzupełniane przez rozwój innych technologii, zwiększającą się dostępność coraz szybszego sprzętu oraz rosnącą przepustowość internetu. Z kolei to wszystko wiąże się z powstawaniem niewyobrażalnych ilości danych, które trzeba magazynować i efektywnie przetwarzać. Większość innowacji w świecie informatyki koncentruje się wokół danych. A z tymi zadaniami można sobie poradzić dzięki imponującym możliwościom Pythona i jego bibliotek.\nTa książka ułatwi naukę Pythona metodą analizy i eksperymentów. Zawiera ponad 500 przykładów faktycznie wykorzystywanego kodu - od krótkich bloków po kompletne studia przypadków. Pokazano, w jaki sposób można kodować w interpreterze IPython i notatnikach Jupytera. Znalazł się tu obszerny opis Pythona oraz jego instrukcji sterujących i funkcji, omówiono pracę na plikach, kwestie serializacji w notacji JSON i obsługę wyjątków. Zaprezentowano różne paradygmaty programowania: proceduralnego, w stylu funkcyjnym i zorientowanego obiektowo. Sporo miejsca poświęcono bibliotekom: standardowej bibliotece Pythona i bibliotekom data science do realizacji złożonych zadań przy minimalnym udziale kodowania. Nie zabrakło wprowadzenia do takich zagadnień data science jak sztuczna inteligencja, symulacje, animacje czy przygotowanie danych do analizy.\nW książce między innymi:\n\nprzetwarzanie języka naturalnego\nIBM\nstosowanie bibliotek scikit-learn i Keras\nbig data, Hadoop(R), Spark™, NoSQL i usługi chmurowe\nprogramowanie dla internetu rzeczy (IoT)\nbiblioteki: standardowa, NumPy, Pandas, SciPy, NLTK, YexyBlob, Tweepy, Matplotlib i inne\n\n']",2020,Helion,712,Python for Programmers: with Big Data and Artificial Intelligence Case Studies,http://www.amazon.com/exec/obidos/ASIN/0135224330/helion-20,Andrzej Grażyński,https://helion.pl/ksiazki/pytprs.htm,//helion.pl/pobierz-przyklady/pytprs/
"https://helion.pl/ksiazki/python-dobre-praktyki-profesjonalistow-dane-hillard,pytdop.htm#format/e",Python. Dobre praktyki profesjonalistów,https://static01.helion.com.pl/global/okladki/326x466/pytdop.jpg,9788328368699,Dane Hillard,"['Dane Hillard jest głównym programistą aplikacji internetowych w ITHAKA, organizacji non profit działającej w szkolnictwie wyższym. Wcześniej zajmował się budowaniem mechanizmów wnioskowania z danych telemetrycznych i potokami ETL dla aplikacji bioinformatycznych. Stara się kodować kreatywnie i łączyć różne pasje ? do muzyki, fotografii, jedzenia i programowania. Często występuje na międzynarodowych konferencjach poświęconych Pythonowi i Django.\n']","['\nPython wydaje się językiem idealnym: ma intuicyjną składnię, jest przyjemny w używaniu, umożliwia tworzenie wydajnego, elastycznego kodu. Przy tym jest wyjątkowo wszechstronny, a stosowanie go w przeróżnych celach ułatwiają liczne biblioteki tworzone przez pasjonatów. To jednak nie zmienia faktu, że aby stać się profesjonalnym programistą Pythona, trzeba nauczyć się tworzyć kod godny profesjonalisty: działający bez błędów, czysty, czytelny i łatwy w utrzymaniu. W tym celu trzeba korzystać z branżowych standardów, które określają styl kodowania, projektowania aplikacji i prowadzenie całego procesu programowania. Należy wiedzieć, kiedy i w jaki sposób modularyzować kod, jak poprawić jakość przez zmniejszenie złożoności i stosować kilka innych, koniecznych praktyk.\nTa książka okaże się szczególnie cenna dla każdego, kto zamierza profesjonalnie tworzyć kod w Pythonie. Stanowi jasny i zrozumiały zbiór zasad wytwarzania oprogramowania o najwyższej jakości, praktyk stosowanych przez zawodowych wyjadaczy projektowania i kodowania. Poza teoretycznym omówieniem poszczególnych zagadnień znalazło się tu mnóstwo przykładów i przydatnych ćwiczeń, utrwalających prezentowany materiał. Nie zabrakło krótkiego wprowadzenia do Pythona, przedstawiono też sporo informacji o strukturach danych i różnych podejściach w kontekście osiągania dobrej wydajności kodu.\nPokazano, w jaki sposób zapobiegać nadmiernemu przyrostowi kodu podczas rozwijania aplikacji i jak redukować niepożądane powiązania w aplikacji. Dodatkową wartością publikacji jest bogactwo informacji o ogólnej architekturze oprogramowania, przydatnych każdemu zawodowemu programiście.\nW książce między innymi:\n\npodstawy projektowania w Pythonie\nwysokopoziomowe koncepcje rozwoju oprogramowania\nabstrakcje i hermetyzacja kodu\nróżne metody testowania kodu\ntworzenie dużych systemów a rozszerzalność i elastyczność aplikacji\n\nPythona praktykuj profesjonalnie!\n']",2020,Helion,240,Practices of the Python Pro,http://www.amazon.com/exec/obidos/ASIN/1617296082/helion-20,Michał Sternik,https://helion.pl/ksiazki/pytdop.htm,//helion.pl/pobierz-przyklady/pytdop/
"https://helion.pl/ksiazki/efektywny-python-90-sposobow-na-lepszy-kod-wydanie-ii-brett-slatkin,efpyt2.htm",Efektywny Python. 90 sposobów na lepszy kod. Wydanie II,https://static01.helion.com.pl/global/okladki/326x466/efpyt2.jpg,9788328367326,Brett Slatkin,"['Brett Slatkin\xa0-\xa0starszy inżynier oprogramowania w Google, współzałożyciel i lider w Google Consumer Surveys. Brał udział w pracach nad infrastrukturą Google App Engine dla języka Python. Wykorzystał potencjał języka Python do zarządzania serwerami Google. Ukończył Uniwersytet Columbia w Nowym Jorku.\n']","['\nPython słusznie cieszy się stale rosnącym uznaniem programistów: jest wszechstronny i efektywny, pozwala też na tworzenie wysokiej jakości oprogramowania. Język ten ma poza tym wiele trudniejszych do uchwycenia zalet. Aby uzyskać naprawdę imponujące efekty w zakresie wydajności kodu, jego przenaszalności i bezpieczeństwa, trzeba zagłębić się w dość subtelne niuanse kodowania. Wielu programistów, choć posiada spore doświadczenie w programowaniu w innych językach, nie dostrzega tych zależności. Z kolei osoby dopiero rozpoczynające przygodę z programowaniem mogą poczuć się zaskoczone i zdezorientowane, jeśli nie zdołają uniknąć kilku nieoczywistych błędów podczas pracy.\nTo drugie, zaktualizowane i uzupełnione wydanie podręcznika programowania w duchu Pythona. Zawarty tu materiał umożliwia wykorzystanie tego języka do tworzenia wyjątkowo solidnego i niezwykle wydajnego kodu źródłowego. Książka jest napisana w zwięzłym stylu i ma przemyślany układ, oparty na scenariuszach, dzięki czemu przystępnie przedstawia 90 najlepszych praktyk, wskazówek i skrótów oraz wyjaśnia ich działanie na rzeczywistych przykładach kodu. Pokazano tu szereg mało znanych, być może nieco dziwnych sztuczek i sposobów udoskonalających pracę kodu źródłowego. Przyswojenie zaprezentowanych tu praktyk pozwoli Ci tworzyć kod łatwy do zrozumienia, obsługi i dalszej rozbudowy. W tym wydaniu treść poszczególnych wskazówek zaktualizowano do Pythona 3, a poszczególne przykłady kodu zostały przejrzane i udoskonalone - najlepsze praktyki również ewoluują!\nW tej książce:\n\nnowe rozwiązania dla wszystkich najważniejszych obszarów programowania w Pythonie\ntechniki stosowania konstrukcji składanych i funkcji generatorów\nwłaściwe korzystanie z klas, obiektów, metaklas i atrybutów dynamicznych\nwspółbieżność, równoległość, optymalizacja i bezpieczeństwo kodu\nwbudowane moduły Pythona do debugowania i testowania\nnarzędzia i najlepsze praktyki podczas wspólnej pracy nad projektami\n\nPython: elegancja, wydajność i ekspresja kodu!\n']",2020,Helion,408,Effective Python: 90 Specific Ways to Write Better Python (2nd Edition) (Effective Software Development Series),http://www.amazon.com/exec/obidos/ASIN/0134853989/helion-20,Robert Górczyński,https://helion.pl/ksiazki/efpyt2.htm,//helion.pl/pobierz-przyklady/efpyt2/
"https://helion.pl/ksiazki/flask-tworzenie-aplikacji-internetowych-w-pythonie-wydanie-ii-miguel-grinberg,flask2.htm??",Flask. Tworzenie aplikacji internetowych w Pythonie. Wydanie II,https://static01.helion.com.pl/global/okladki/326x466/flask2.jpg,9788328363830,Miguel Grinberg,"['Miguel Grinberg jest inżynierem oprogramowania z 25-letnim doświadczeniem. W wolnym czasie zajmuje się fotografią i tworzeniem filmów. Prowadzi własnego bloga o różnorodnej tematyce (http://blog.miguelgrinberg.com). Urodził się w Buenos Aires w Argentynie, obecnie mieszka w Irlandii, w mieście Drogheda.\n']","['\n\n\n\nFrameworki bardzo ułatwiają życie programistom. Pozwalają na szybkie tworzenie nawet rozbudowanych aplikacji, ale praca z frameworkiem najczęściej oznacza duże ograniczenia w doborze technologii. Wszystko jest w porządku, dopóki deweloper stosuje dokładnie te rozwiązania, które zaplanowali twórcy frameworka. Jeśli jednak zechce użyć innej bazy danych albo wykorzystać własną, autorską metodę uwierzytelniania użytkowników, może napotkać różne nieprzewidziane problemy. Szczęśliwie nie wszystkie mikrośrodowiska zachowują się w ten sposób. Framework napisany w Pythonie Flask, w odróżnieniu od typowych frameworków, umożliwia swobodne dobieranie technologii i komponentów aplikacji, a nawet tworzenie własnych rozwiązań. Oznacza to, że Flask pozwoli Ci zachować pełną kontrolę nad budowanym oprogramowaniem!\nTo książka przeznaczona dla twórców aplikacji internetowych, którzy chcą nauczyć się pisać rozbudowane oprogramowanie we Flasku. W praktyczny sposób przedstawia proces tworzenia kompletnej aplikacji, od programu zawierającego zaledwie kilka linii kodu aż po złożone oprogramowanie z wieloma zaawansowanymi rozwiązaniami technicznymi. Rozpoczyna się gruntownym wprowadzeniem do Flaska i stopniowo przechodzi do nieco trudniejszych zagadnień, również takich jak migracje baz danych i API. Porusza też tematykę usług sieciowych typu REST, obsługi błędów, serializacji zasobów oraz korzystania z takich narzędzi jak Selenium czy Heroku. Przemyślany układ treści, którą zilustrowano praktycznymi przykładami kodu, ułatwia prześledzenie procesu stopniowej rozbudowy aplikacji o nowe funkcjonalności.\nW książce znajdziesz między innymi:\n\nzasady programowania we Flasku\nopis struktury aplikacji Flasky i etapy jej budowy\nsposoby korzystania z szablonów\nstrategie planowania testów jednostkowych i analizy wydajności aplikacji\nopcje wdrażania aplikacji Flask\n\nFlask: wolność twórcza programisty!\n']",2020,Helion,264,"Flask Web Development: Developing Web Applications with Python, 2nd Edition",http://www.amazon.com/exec/obidos/ASIN/1491991739/helion-20,Wojciech Moch,https://helion.pl/ksiazki/flask2.htm,//helion.pl/pobierz-przyklady/flask2/
"https://helion.pl/ksiazki/myslenie-obiektowe-w-programowaniu-wydanie-v-matt-weisfeld,myobp5.htm",Myślenie obiektowe w programowaniu. Wydanie V,https://static01.helion.com.pl/global/okladki/326x466/myobp5.jpg,9788328361041,Matt Weisfeld,"['Matt Weisfeld jest wykładowcą, programistą oraz pisarzem. Mieszka w Cleveland w Ohio. Wcześniej pracował 20 lat w branży informatycznej jako programista, przedsiębiorca, szkoleniowiec prowadzący szkolenia dla firm oraz wykładowca kontraktowy. Weisfeld ma tytuł magistra informatyki i dyplom magistra zarządzania. Oprócz książki Myślenie obiektowe w programowaniu, napisał jeszcze dwie inne książki dotyczące programowania oraz opublikował wiele artykułów w wielu ważnych czasopismach branżowych.\n']","['\nBurzliwy rozwój obiektowości nastąpił w połowie lat 90. wraz z upowszechnieniem się takich języków jak C++ czy Smalltalk. Obecnie programowanie zorientowane obiektowo wciąż jest jednym z najważniejszych paradygmatów projektowania. Łatwo zauważyć, że większość nowoczesnych języków programowania i technologii sieciowych opiera się na technikach obiektowych. Nieco trudniej jest dostrzec, że mimo szybkiego ewoluowania technik i języków programistycznych podstawowe pojęcia programowania obiektowego pozostają niezmienne i niezależne od jakiejkolwiek platformy. Początkujący programiści powinni więc poświęcić nieco czasu na zapoznanie się z tymi pojęciami i naukę czegoś, co można nazwać ""myśleniem obiektowym w programowaniu"".\nTa książka jest kolejnym, poprawionym i uzupełnionym wydaniem wyczerpującego wprowadzenia do programowania zorientowanego obiektowo. Jej głównym celem jest przedstawienie podstaw myślenia obiektowego i najważniejszych pojęć w tym zakresie. Wyjaśniono tu, w jaki sposób poprawnie posługiwać się dziedziczeniem i kompozycją, odróżniać agregację od asocjacji oraz zrozumieć różnice między interfejsem a implementacją. Szczególną uwagę zwrócono na technologie, które przetrwały próbę czasu ostatnich 20 lat i stały się rdzeniem koncepcji programowania obiektowego. Opisano też najważniejsze wzorce projektowe, wskazano techniki unikania zależności i zaprezentowano zasady zwane SOLID, których przestrzeganie pozwala tworzyć kod wysokiej jakości, zrozumiały i elastyczny.\nDzięki tej książce:\n\nzrozumiesz podstawowe pojęcia obiektowości\nzaczniesz myśleć abstrakcyjnie podczas projektowania interfejsów\nnauczysz się budowy i zasad modelowania klas\nbędziesz tworzyć kod, który będzie się nadawał do wielokrotnego wykorzystania\nzaczniesz unikać zależności i silnych powiązań między klasami\nprzyswoisz sobie i będziesz stosować zasady SOLID\n\nTechniki obiektowe. Zrozum, zanim zaimplementujesz!\n']",2020,Helion,208,The Object-Oriented Thought Process (5th Edition) (Developer's Library),http://www.amazon.com/exec/obidos/ASIN/0135181968/helion-20,Łukasz Piwko,https://helion.pl/ksiazki/myobp5.htm,//helion.pl/pobierz-przyklady/myobp5/
"https://helion.pl/ksiazki/data-science-od-podstaw-analiza-danych-w-pythonie-wydanie-ii-joel-grus,dasc2v.htm",Data science od podstaw. Analiza danych w Pythonie. Wydanie II,https://static01.helion.com.pl/global/okladki/326x466/dasc2v.jpg,9788383221311,Joel Grus,"['Joel Grus jest inżynierem oprogramowania, analitykiem danych i autorem świetnie sprzedających się książek. Obecnie zajmuje się pracą badawczą w Allen Institute for Artificial Intelligence w Seattle. Wcześniej był zatrudniony w firmie Google i kilku startupach. Mieszka w Seattle, gdzie regularnie uczestniczy w spotkaniach lokalnej społeczności analityków danych. Regularnie publikuje posty na swoim blogu (joelgrus.com) i koncie @joelgrus w serwisie Twitter (http://twitter.com/joelgrus/).\n']","['\nAnalityka danych jest uważana za wyjątkowo obiecującą dziedzinę wiedzy. Rozwija się błyskawicznie i znajduje coraz to nowsze zastosowania. Profesjonaliści biegli w eksploracji danych i wydobywaniu z nich pożytecznych informacji mogą liczyć na interesującą pracę i bardzo atrakcyjne warunki zatrudnienia. Jednak aby zostać analitykiem danych, trzeba znać matematykę i statystykę, a także nauczyć się programowania. Umiejętności w zakresie uczenia maszynowego i uczenia głębokiego również są ważne. W przypadku tak specyficznej dziedziny, jaką jest nauka o danych, szczególnie istotne jest zdobycie gruntownych podstaw i dogłębne ich zrozumienie.\nW tym przewodniku opisano zagadnienia związane z podstawami nauki o danych. Wyjaśniono niezbędne elementy matematyki i statystyki. Przedstawiono także techniki budowy potrzebnych narzędzi i sposoby działania najistotniejszych algorytmów. Książka została skonstruowana tak, aby poszczególne implementacje były jak najbardziej przejrzyste i zrozumiałe. Zamieszczone tu przykłady napisano w Pythonie: jest to język dość łatwy do nauki, a pracę na danych ułatwia szereg przydatnych bibliotek Pythona. W drugim wydaniu znalazły się nowe tematy, takie jak uczenie głębokie, statystyka i przetwarzanie języka naturalnego, a także działania na ogromnych zbiorach danych. Zagadnienia te często pojawiają się w pracy współczesnego analityka danych.\nW książce między innymi:\n\nelementy algebry liniowej, statystyki i rachunku prawdopodobieństwa\nzbieranie, oczyszczanie i eksploracja danych\nalgorytmy modeli analizy danych\npodstawy uczenia maszynowego\nsystemy rekomendacji i przetwarzanie języka naturalnego\nanaliza sieci społecznościowych i algorytm MapReduce\n\nNauka o danych: bazuj na solidnych podstawach!\n']",2020,Helion,352,"Data Science from Scratch: First Principles with Python, 2nd Edition",http://www.amazon.com/exec/obidos/ASIN/1492041130/helion-20,"Wojciech Bombik, Konrad Matuk",https://helion.pl/ksiazki/dasc2v.htm,//helion.pl/pobierz-przyklady/dasc2v/
"https://helion.pl/ksiazki/ekstrakcja-danych-z-jezykiem-python-pozyskiwanie-danych-z-internetu-wydanie-ii-ryan-mitchell,ekspy2.htm#format/e",Ekstrakcja danych z językiem Python. Pozyskiwanie danych z internetu. Wydanie II,https://static01.helion.com.pl/global/okladki/326x466/ekspy2.jpg,9788328356351,Ryan Mitchell,"['Ryan Mitchell -\xa0jest starszą inżynier oprogramowania w firmie HedgeServ (Boston), gdzie zajmuje się tworzeniem interfejsu API przedsiębiorstwa i narzędzi do analizy danych. Ukończyła uczelnię Olin College of Engineering, a także Harvard University Extension School z tytułem magistra inżynierii oprogramowania oraz certyfikat studiów podyplomowych na kierunku analiza danych. Przed dołączeniem do firmy HedgeServ zajmowała się pisaniem robotów indeksujących i narzędzi automatyzacji w przedsiębiorstwie Abine. Zajmuje się również doradztwem na temat ekstrakcji danych w branży detalicznej, finansowej i farmaceutycznej, ponadto była konsultantką ds. programu nauczania i wykładowczynią kontraktową na Uniwersytecie Północnozachodnim i uczelni Olin College of Engineering.\n']","['\nEkstrakcję danych (ang. web scraping), zwaną też wydobywaniem danych z zasobów internetu, wiele osób postrzega jako wyższy stopień wtajemniczenia: przy niewielkim wysiłku można uzyskać imponujące wyniki i wykorzystać je w różnoraki sposób. Nie dziwi więc, że wokół tej dziedziny narosło mnóstwo mitów. Wątpliwości jest wiele, począwszy od legalności tego rodzaju praktyk, skończywszy na właściwościach różnych narzędzi. W praktyce na ekstrakcję danych składa się cały szereg zróżnicowanych technik i technologii, takich jak analiza danych, analiza składniowa języka naturalnego, a także zabezpieczenie informacji. Aby w pełni wykorzystać ich zalety, konieczne jest zrozumienie sposobu, w jaki funkcjonują.\nTa książka jest znakomitym przewodnikiem po technikach pozyskiwania danych z internetu. Przedstawiono tu również zasady gromadzenia, przekształcania i wykorzystywania danych z różnych zasobów. W kontekście ekstrakcji danych omówiono zagadnienia związane z bazami danych, serwerami sieciowymi, protokołem HTTP, językiem HTML, bezpieczeństwem sieciowym, przetwarzaniem obrazów, analizą danych i wieloma innymi kwestiami. Zaprezentowane tu rozwiązania programistyczne zostały napisane w Pythonie. Nie zabrakło też omówienia bibliotek przydatnych w pracy osób tworzących roboty indeksujące. Dzięki tej książce szybko zaczniesz pozyskiwać i w dowolny sposób wykorzystywać posiadane dane. Już dziś te rozwiązania są stosowane w prognozowaniu rynkowym, tłumaczeniu maszynowym, a nawet w diagnostyce medycznej!\nNajważniejsze zagadnienia:\n\nkorzystanie z platformy Scrapy do tworzenia robotów\nmetody odczytu, wydobywania i przechowywania pozyskiwanych danych\noczyszczanie i normalizacja danych\ninterfejsy API\nprzetwarzanie obrazów na tekst\ntestowanie witryn za pomocą robotów\n\nWyszukuj dane, gromadź je i korzystaj z nich do woli!\n']",2019,Helion,272,"Web Scraping with Python: Collecting More Data from the Modern Web, 2nd Edition",http://www.amazon.com/exec/obidos/ASIN/1491985577/helion-20,Krzysztof Sawka,https://helion.pl/ksiazki/ekspy2.htm,//helion.pl/pobierz-przyklady/ekspy2/
"https://helion.pl/ksiazki/programista-samouk-profesjonalny-przewodnik-do-samodzielnej-nauki-kodowania-cory-althoff,proprv.htm",Programista samouk. Profesjonalny przewodnik do samodzielnej nauki kodowania,https://static01.helion.com.pl/global/okladki/326x466/proprv.jpg,9788328394278,Cory Althoff,"['Cory Althoff jest programistą samoukiem. Jego pierwsza książka, Programista samouk, zdobyła ogromne uznanie i zainspirowała tysiące osób do samodzielnej nauki programowania. Pracował dla eBaya i innych firm w Dolinie Krzemowej. Biegle posługuje się Pythonem, Javą, JavaScriptem i kilkoma innymi językami programowania. Mieszka z rodziną w Kalifornii.\n']","['\nNie wystarczy znajomość jednego języka programowania, aby zostać programistą. W rzeczywistości trzeba opanować dość szeroki zakres pojęć i paradygmatów, a także zrozumieć zagadnienia związane z algorytmami. Trzeba być na bieżąco z nowymi technologiami i narzędziami. Należy również poznać i zacząć stosować dobre praktyki programistyczne i przyswoić sobie zasady pracy w zespole. Przede wszystkim jednak priorytetem jest sama praktyka, ponieważ wielu programistów wciąż ma problem z pisaniem poprawnego kodu.\nJeśli chcesz być profesjonalistą i postanowiłeś nauczyć się wszystkiego, co jest do tego potrzebne, to wziąłeś do ręki właściwą książkę. Zawiera ona znacznie więcej informacji niż proste wprowadzenie do konkretnego języka programowania. Opisano tu najpotrzebniejsze technologie, elementy kodu i zasady ich stosowania, sporo miejsca poświęcono obiektowości. Czytając ją, zapoznasz się również z najważniejszymi narzędziami programistycznymi i nauczysz się dobrych praktyk programistycznych. To wszystko czyni z tej książki świetną mapę umiejętności, dzięki którym szybko i sprawnie staniesz się prawdziwym profesjonalistą!\nW tej książce między innymi:\n\nwprowadzenie do programowania,\nstruktury danych i algorytmy,\npakiety i kontrola wersji,\ntestowanie i bezpieczeństwo tworzonych aplikacji,\nzasady pracy zespołu programistów.\n\n']",2018,Helion,256,The Self-Taught Programmer: The Definitive Guide to Programming Professionally,http://www.amazon.com/exec/obidos/ASIN/9781520288178/helion-20,Piotr Rajca,https://helion.pl/ksiazki/proprv.htm,//helion.pl/pobierz-przyklady/proprv/
"https://helion.pl/ksiazki/python-dla-profesjonalistow-debugowanie-testowanie-i-utrzymywanie-kodu-kristian-rother,pytpro.htm#format/e","Python dla profesjonalistów. Debugowanie, testowanie i utrzymywanie kodu",https://static01.helion.com.pl/global/okladki/326x466/pytpro.jpg,9788328338029,Kristian Rother,[],"['\nPython istnieje już ponad 25 lat. Nie jest trudnym językiem i oferuje ogromne możliwości. Tworzenie dobrych programów w Pythonie wymaga jednak od programistów dużych umiejętności. Cykl rozwoju oprogramowania jest pełen pułapek nieznanych początkującym koderom. Mimo to w podręcznikach Pythona niewiele uwagi poświęca się debugowaniu i testowaniu, a przecież etapy te mają kluczowe znaczenie dla jakości kodu i funkcjonalności tworzonego oprogramowania.\nTa książka uczyni Cię lepszym programistą! Dzięki przedstawionym tu podstawowym praktykom stosowanym przez najbardziej profesjonalnych programistów Pythona będziesz tworzył doskonalszy kod. Zoptymalizujesz z nimi procesy debugowania programów, pisania automatycznych testów i utrzymywania oprogramowania bez nadmiernego wysiłku. Przedstawione tu techniki będą szczególnie przydatne dla programistów zajmujących się analizą danych, tworzeniem stron internetowych oraz rozwijaniem oprogramowania naukowego.\nNajważniejsze zagadnienia przedstawione w książce:\n\nbłędy semantyczne i wyjątki,\nsposoby eliminacji błędów i narzędzia do debugowania,\nzasady i techniki testowania aplikacji,\nmocne i słabe strony testów automatycznych,\nmechanizm kontroli wersji,\nkontrola typów i sporządzanie dokumentacji.\n\nTy też możesz programować w Pythonie!\n\nDr Kristian Rother zajmuje się programowaniem od wczesnego dzieciństwa. Jest również specjalistą w dziedzinie bioinformatyki: prowadził badania struktur 3D białek i RNA na Uniwersytecie Humboldta w Berlinie. Przez wiele lat doskonalił swoje umiejętności nauczania, a obecnie pracuje w Berlinie jako profesjonalny trener. Prowadzi szkolenia z programowania w Pythonie, uczy biochemii, statystyki, testowania aplikacji internetowych, wyszukiwarek, wygłasza prezentacje.\n']",2017,Helion,272,"Pro Python Best Practices: Debugging, Testing and Maintenance",http://www.amazon.com/exec/obidos/ASIN/1484222407/helion-20,Radosław Meryk,https://helion.pl/ksiazki/pytpro.htm,//helion.pl/pobierz-przyklady/pytpro/
"https://helion.pl/ksiazki/python-rusz-glowa-wydanie-ii-paul-barry,pytrg2.htm#format/d",Python. Rusz głową! Wydanie II,https://static01.helion.com.pl/global/okladki/326x466/pytrg2.jpg,9788328337343,Paul Barry,[],"['\nPython, prosty, wszechstronny i elastyczny język programowania, nadaje się zarówno do pisania niedużych skryptów, wielkich systemów, jak i do wysoce specjalistycznych zadań, jak choćby analiza danych do celów naukowych. To ulubione narzędzie coraz liczniejszej rzeszy znakomitych programistów. Wiele osób próbuje się uczyć Pythona, jednak mimo różnorodnych podręczników i kursów nauka pisania poprawnego, wydajnego i przejrzystego kodu w tym języku wciąż sprawia problemy.\nTa książka jest doskonałym podręcznikiem Pythona. Poza podstawami języka opisano tu sposoby posługiwania się Pythonem w prawdziwym świecie podczas pisania kodu aplikacji WWW czy obsługiwania baz danych. Przedstawiono tu również dość trudne tematy, takie jak kolekcje i niemodyfikowalność. Co ciekawe, materiał do książki przygotowano w szczególny sposób, posługując się metodami nowoczesnej kognitywistyki i dydaktyki, które uwzględniają specyfikę pracy ludzkiego mózgu, aktywnie go angażując podczas nauki. W ten sposób Python wchodzi do głowy niepostrzeżenie, w szybki, zabawny i interesujący sposób!\nW tej książce:\n\nszybkie wprowadzenie do Pythona\nkorzystanie z danych i z baz danych\npraktyczne projektowanie aplikacji WWW\nzarządzanie kontekstem\nwątki, wyjątki i iteracje w Pythonie\nnarzędzia, biblioteki i moduły przydatne programiście Pythona\n\nJest problem? Rusz głową i zaprogramuj to w Pythonie!\n\nPaul Barry pochodzi z Belfastu. Obecnie mieszka wraz z rodziną w niewielkim miasteczku Carlow w Irlandii Północnej. Od 1997 roku wykłada w Instytucie Technologicznym w Carlow. Przedtem (w Irlandii i Kanadzie) zajmował się rozwiązaniami IT dla opieki zdrowotnej. Barry jest ekspertem w dziedzinie programowania w Pythonie i w Perlu. W przeszłości był stałym współpracownikiem „Linux Journal Magazine”, napisał także kilka książek o programowaniu.\n']",2017,Helion,578,"Head First Python: A Brain-Friendly Guide, 2nd Edition",http://www.amazon.com/exec/obidos/ASIN/1491919531/helion-20,Łukasz Suma,https://helion.pl/ksiazki/pytrg2.htm,//helion.pl/pobierz-przyklady/pytrg2/
"https://helion.pl/ksiazki/python-c-javascript-zadania-z-programowania-marek-lulinski-gniewomir-sarbicki,pycjsz.htm","Python, C++, JavaScript. Zadania z programowania",https://static01.helion.com.pl/global/okladki/326x466/pycjsz.jpg,9788328335271,"Marek Luliński, Gniewomir Sarbicki","['Dr hab. inż. Gniewomir Sarbicki specjalizuje się w informatyce kwantowej. Zawodowo używa Pythona w obliczeniach numerycznych dotyczących splątania kwantowego i jest opiekunem prac inżynierskich powstających z wykorzystaniem tego języka. Od 2012 roku prowadzi kursy w zakresie Pythona na Wydziale Fizyki, Astronomii i Informatyki Stosowanej Uniwersytetu Mikołaja Kopernika w Toruniu.\n']","['\n\n\n\nZadania z programowania? Zbiór programów do napisania!\nPascal, C++, JavaScript i Python — oto zbiór języków, które przećwiczysz dzięki zadaniom w tej książce. Każdy z nich ma nieco inne zastosowania, wszystkie zaś są lub będą w najbliższym czasie wykorzystywane na lekcjach informatyki i na egzaminach, a ich zastosowanie w obliczu realnych problemów może wydatnie uprościć Ci życie. Jak najłatwiej i najszybciej nauczyć się programować w tych językach? Oczywiście dzięki ćwiczeniom! Z tą książką napiszesz konkretne programy rozwiązujące zadania numeryczne, logiczne i matematyczne — w każdym z powyższych języków.\nZ praktycznym zestawem zawartych tu zadań spróbujesz znaleźć permutacje zbioru, zaszyfrować tekst szyfrem Cezara, zbudować trójkąt Pascala i wskazać punkty kratowe wewnątrz koła o promieniu r. Napiszesz według własnego pomysłu programy odpowiadające na postawione w zadaniach pytania. Jeśli jesteś uczniem, będziesz mógł w ten sposób ćwiczyć nie tylko umiejętności programistyczne, lecz także matematyczne. Jeśli jesteś nauczycielem, znajdziesz tu wiele inspiracji dla swoich uczniów. Gotowy pogram będziesz mógł później porównać z rozwiązaniami proponowanymi przez autorów.\nDogadaj się z komputerem — w każdym z czterech języków!\n---\nUWAGA: Skala trudności zadań odpowiada poziomowi szkoły średniej.\n']",2017,Helion,144,,,,https://helion.pl/ksiazki/pycjsz.htm,
"https://helion.pl/ksiazki/profesjonalne-programowanie-w-pythonie-poziom-ekspert-wydanie-ii-michal-jaworski-tarek-ziade,prprpe.htm#format/e",Profesjonalne programowanie w Pythonie. Poziom ekspert. Wydanie II,https://static01.helion.com.pl/global/okladki/326x466/prprpe.jpg,9788328330337,"Michal Jaworski, Tarek Ziade","['Tarek Ziadé — jest kierownikiem ds. technicznych w firmie Mozilla. Zajmuje się usługami sieciowymi o wielkiej skali w Pythonie na potrzeby przeglądarki Firefox. Jest także założycielem Afpy, Francuskiej Grupy Użytkowników Pythona. Wielokrotnie był prelegentem podczas konferencji Solutions Linux, PyCon, OSCON, EuroPython i innych.\n']","['\nTwórcy Pythona niemal od początku starali się opracować wieloparadygmatowy język zorientowany na czytelność kodu i produktywność programisty. Dziś język ten jest uważany za wszechstronny i potężny, a do tego cechuje się prostotą i elastycznością. Nadaje się zarówno do pisania niedużych skryptów, jak i wielkich systemów, a także do wysoce specjalistycznych zadań, jak choćby analiza danych w celach naukowych. Mimo to pisanie kodu, który jest wydajny, prosty w utrzymaniu oraz łatwy w użyciu, wciąż sprawia problemy nawet zaawansowanym programistom Pythona.\nNiniejsza książka jest zbiorem praktyk stosowanych przez najlepszych programistów pracujących z Pythonem. Jest przeznaczona dla osób zawodowo zajmujących się rozwojem oprogramowania oraz dla ambitnych pasjonatów w tej dziedzinie. Poza opisem zaawansowanych technik programowania w Pythonie znalazły się tu również informacje o narzędziach i technikach stosowanych obecnie przez profesjonalnych programistów. Opisano metody zarządzania kodem, tworzenia, dokumentowania i testowania kodu oraz zasady optymalizacji oprogramowania. Przedstawiono również wzorce projektowe, które szczególnie docenią programiści Pythona.\nNajważniejsze zagadnienia przedstawione w książce:\n\nmetodologie pracy w Pythonie i najlepsze praktyki składniowe\nrozszerzenia Pythona napisane w innych językach programowania\ntechniki profilowania aplikacji\nprzetwarzanie współbieżne i równoległe\nnajprzydatniejsze wzorce projektowe\n\nPython — niezawodne narzędzie dla profesjonalisty!\n']",2017,Helion,496,"Expert Python Programming, Second Edition",http://www.amazon.com/exec/obidos/ASIN/1785886851/helion-20,Michał Jaworski,https://helion.pl/ksiazki/prprpe.htm,//helion.pl/pobierz-przyklady/prprpe/
"https://helion.pl/ksiazki/mysl-w-jezyku-python-nauka-programowania-wydanie-ii-allen-b-downey,myjep2.htm#format/e",Myśl w języku Python! Nauka programowania. Wydanie II,https://static01.helion.com.pl/global/okladki/326x466/myjep2.jpg,9788328330023,Allen B. Downey,"['Allen Downey\xa0jest profesorem informatyki na Olin College of Engineering. Wcześniej nauczał na Wellesley College, Colby College oraz U.C. Berkeley. Uzyskał tytuł doktora informatyki na U.C. Berkeley, a także tytuły magistra i licencjata na MIT.\n']","['\nAby stać się cenionym programistą, trzeba zacząć od bardzo solidnych podstaw. Python jest idealną propozycją dla osób, które chcą nauczyć się programowania. Składnia i podstawowe koncepcje programistyczne w Pythonie są dość proste do zrozumienia. Sam język ma duże możliwości zastosowania w różnych dziedzinach wiedzy. Umożliwia przy tym pisanie czytelnego i łatwego w konserwacji kodu, co jest ogromną zaletą.\n\r\nTrzymasz w ręku praktyczny przewodnik do nauki programowania. Znajdziesz w nim przystępnie napisane wyjaśnienia dotyczące podstawowych pojęć programistycznych. Dowiesz się, jak stosować funkcje, czym jest rekurencja, jak wyglądają struktury danych i na czym polega projektowanie obiektowe. W każdym rozdziale znalazły się praktyczne ćwiczenia, dzięki którym będziesz używać poznawanych koncepcji i utrwalisz zdobytą wiedzę.\n\r\nW tej książce:\n\nprzedstawiono podstawy Pythona, w tym jego składnię i semantykę\nopisano najważniejsze koncepcje programistyczne i zdefiniowano istotne pojęcia\npokazano, jak stosować wartości, zmienne, instrukcje, funkcje i struktury danych\nprzedstawiono metody pracy z plikami i bazami danych\nwyjaśniono zagadnienia programowania obiektowego\nopisano techniki debugowania służące do usuwania błędów składniowych, uruchomieniowych i semantycznych\n\nPython: dzięki niemu zaczniesz myśleć jak informatyk!\n']",2017,Helion,264,"Think Python: How to Think Like a Computer Scientist, 2nd Edition",http://www.amazon.com/exec/obidos/ASIN/1491939362/helion-20,Piotr Pilch,https://helion.pl/ksiazki/myjep2.htm,//helion.pl/pobierz-przyklady/myjep2/
"https://helion.pl/ksiazki/jak-dziala-oprogramowanie-tajemnice-komputerowych-mechanizmow-szyfrowania-obrazowania-wyszukiwania-v-anton-spraul,jakdzo.htm#format/e","Jak działa oprogramowanie? Tajemnice komputerowych mechanizmów szyfrowania, obrazowania, wyszukiwania i innych powszechnie używanych technologii",https://static01.helion.com.pl/global/okladki/326x466/jakdzo.jpg,9788328325937,V. Anton Spraul,[],"['\nRzut oka na tajemniczy świat oprogramowania\n\r\nZawrotny rozwój technologii informatycznych sprawia, że coraz więcej osób chce poznać zasady działania oprogramowania, zwłaszcza tego najpopularniejszego. Bez znajomości pewnych zjawisk łatwo można paść ofiarą tych, którzy już tę wiedzę posiedli. Nie trzeba do tego ukończonych studiów technicznych!\n\r\nKsiążka, którą trzymasz w dłoni, opisuje działanie różnych rodzajów oprogramowania. Autor w przystępny i interesujący sposób wyjaśnia trudne i złożone kwestie. Nie musisz być informatykiem ani znać podstaw programowania, aby zrozumieć procesy, które przebiegają w magicznie lśniących układach scalonych, skrytych pod obudową komputera czy smartfona. Ta książka będzie Twoim przewodnikiem!\n\r\nDowiedz się, jak działa oprogramowanie:\r\n\ndo szyfrowania i kryptografii z kluczem publicznym\ndo obsługi haseł i podpisów cyfrowych\ndo animacji i renderowania obrazu, a także do tworzenia grafiki gier\ndo kompresji danych, w tym obrazów (JPEG) i wideo (MPEG-2)\ndo wyszukiwania informacji w wielkich zbiorach danych\ndo nawigacji i obsługi map\n\nSprawdź, jak bardzo fascynujące są tajniki oprogramowania!\nV. Anton Spraul — od kilkunastu lat wykłada informatykę dla studentów i początkujących programistów. Jest autorem kilku bardzo popularnych książek, znakomicie ułatwiających zrozumienie zasad programowania. Spraul niezwykle chętnie dzieli się swoją wiedzą. Prowadzi bloga, publikuje filmy na YouTubie. Mieszka w Birmingham w stanie Alabama, a jego pasje, poza informatyką, to tworzenie muzyki i gry komputerowe. Do gier używa sprzętu, który sam zbudował!\n    \n\t']",2016,Helion,232,"How Software Works: The Magic Behind Encryption, CGI, Search Engines, and Other Everyday Technologies",http://www.amazon.com/exec/obidos/ASIN/1593276664/helion-20,Zdzisław Płoski,https://helion.pl/ksiazki/jakdzo.htm,
"https://helion.pl/ksiazki/tdd-sztuka-tworzenia-dobrego-kodu-kent-beck,tddszv.htm#format/e",TDD. Sztuka tworzenia dobrego kodu,https://static01.helion.com.pl/global/okladki/326x466/tddszv.jpg,9788328365728,Kent Beck,"['Kent Beck jest wybitnym autorytetem w dziedzinie programowania, twórcą metodologii programowania ekstremalnego i jednym z sygnatariuszy Manifestu agile.\n']","['\nIdealny kod, pokryty w pełni testami, to marzenie każdego dewelopera. Niestety, marzenia zazwyczaj rozmijają się z rzeczywistością. Codzienność większości programistów to nieczytelny kod i brak testów. Są to doskonałe warunki do powstawania błędów, często bardzo trudnych do wykrycia. Czy jest sposób, żeby wybrnąć z tego ślepego zaułka? Czy są techniki pozwalające tworzyć przejrzysty kod, którego zmiana nie będzie sprawiała trudności?\nOczywiście, że tak - wykorzystaj TDD (ang. Test Driven Development). Programowanie sterowane testami można sprowadzić do prostej zasady: w pierwszej kolejności napisz test, a następnie kod, który ma być testowany. Kent Beck w swojej książce zaprezentuje Ci w praktyce podejście TDD i pokaże, jak wdrożyć jego zasady w codziennej pracy. Zapoznaj się z licznymi przykładami zastosowania tej metody, przydatnymi poradami i najlepszymi wzorcami. To doskonały początek, żeby wdrożyć TDD w Twoim projekcie. Dowiedz się, jak tworzyć idealny kod!\nDzięki tej książce:\n\npoznasz technikę programowania sterowanego testami\nstworzysz czytelny kod, doskonale pokryty testami\nnie będziesz się bał dokonywać zmian w Twoim kodzie\nTwój kod osiągnie nowe standardy jakości\n\nTwoja przepustka do świata idealnego kodu!\n']",2014,Helion,232,Test Driven Development: By Example,http://www.amazon.com/exec/obidos/ASIN/0321146530/helion-20,,https://helion.pl/ksiazki/tddszv.htm,
"https://helion.pl/ksiazki/programowanie-zorientowane-obiektowo-wzorce-projektowe-wydanie-ii-alan-shalloway-james-r-trott,prob2v.htm",Programowanie zorientowane obiektowo. Wzorce projektowe. Wydanie II,https://static01.helion.com.pl/global/okladki/326x466/prob2v.jpg,9788328361607,"Alan Shalloway, James R. Trott","['Alan Shalloway jest założycielem, prezesem i głównym konsultantem w firmie Net Objectives zajmującej się konsultacjami informatycznymi i szkoleniami. Alan pracuje w branży informatycznej od ponad 20 lat, często występuje na konferencjach, takich jak SD Expo, Java One, OOP czy też OOPSLA. Posiada certyfikat Scrum. Jest także współautorem książki An Introduction to XML and its Family of Technologies. Shalloway jest absolwentem wydziału informatyki na MIT.\n', 'James R. Trott pracuje obecnie jako starszy konsultant w dużej instytucji finansowej. W trakcie swojej 20-letniej kariery programisty i projektanta wielokrotnie korzystał z technik analizy obiektowej i wzorców projektowych. Ukończył studia na kierunku matematyka stosowana. Posiada także tytuł MBA.\n']","['\n\nZmień podejście do programowania - zastosuj wzorce projektowe\n\n\nSkorzystaj z metod modelowania obiektowego w języku UML\nPoznaj różne typy wzorców projektowych\nWykorzystaj wzorce projektowe w swoich programach\n\nWzorce projektowe to modele rozwiązań wielu zagadnień programistycznych, oparte na zasadach programowania obiektowego. Zastosowanie ich w projektach informatycznych zapewnia szybszą i bardziej efektywną pracę zarówno podczas projektowania i tworzenia oprogramowania, jak i na etapie jego wdrożenia. Sprawne korzystanie z wzorców projektowych wiąże się jednak z koniecznością poznania metod modelowania obiektowego, zrozumienia zasad obiektowości i umiejętności podzielenia projektowanego systemu na komponenty.\nKsiążka ""Programowanie zorientowane obiektowo. Wzorce projektowe. Wydanie drugie"" to przewodnik po wzorcach projektowych, przedstawiający je od strony najbardziej istotnej dla programisty - od strony praktycznej. Przykłady w języku Java, diagramy UML i wyczerpujące komentarze - wszystko to sprawia, że po przeczytaniu tej ksiażki staniesz się ekspertem w dziedzinie wzorców projektowych i będziesz wykorzystywać je we wszystkich swoich projektach.\n\nZasady obiektowości\nModelowanie obiektowe w języku UML\nStandardowe rozwiązania obiektowe\nWprowadzenie do wzorców projektowych\nZasady stosowania wzorców projektowych\nKatalog wzorców projektowych\nProjektowanie i programowanie z zastosowaniem wzorców projektowych\n\nKorzystając z wzorców projektowych, zwiększysz szybkość i efektywność swojej pracy nad aplikacjami.\n']",2005,Helion,368,"Design Patterns Explained: A New Perspective on Object Oriented Design, 2nd Edition",http://www.amazon.com/exec/obidos/ASIN/0321247140/helion-20,,https://helion.pl/ksiazki/prob2v.htm,
"https://helion.pl/ksiazki/django-tworzenie-nowoczesnych-aplikacji-internetowych-w-pythonie-ben-shaw-saurabh-badhwar-andrew-bird-bharath-ch,twapdj.htm",Django. Tworzenie nowoczesnych aplikacji internetowych w Pythonie,https://static01.helion.com.pl/global/okladki/326x466/twapdj.jpg,9788328383647,"Ben Shaw, Saurabh Badhwar, Andrew Bird, Bharath Chandra K S, Chris Guest","['Ben Shaw programuje w Django od 2007 roku. Interesuje się też uczeniem maszynowym, analizą danych i metodyką DevOps.\n', 'Saurabh Badhwar tworzy rozwiązania zwiększające produktywność programistów. Obecnie zajmuje się wydajnością infrastruktury w LinkedInie.\n', 'Andrew Bird kieruje zespołami programistów i analityków danych w Vesparum. Jest australijskim aktuariuszem.\n', 'Bharath Chandra KS od lat korzysta z frameworków Flask i Django. Zdobył doświadczenie w pracy z mikrousługami.\n', 'Chris Guest programuje w Pythonie od 20 lat, tworzył oprogramowanie dla różnych branż i za pomocą wielu platform Pythona.\n']","['\nDjango zaskarbił sobie uznanie wielu programistów. Jest to platforma, która udostępnia wszystkie narzędzia potrzebne do tworzenia aplikacji internetowych w Pythonie. To również narzędzie pozwalające na sprawne rozpoczęcie pracy i rozwijanie solidnego i bezpiecznego kodu. Aby jednak zapewnić sobie satysfakcję, a tworzonym projektom profesjonalną jakość, trzeba przyswoić koncepcje i zasady pracy z Django.\nDzięki temu praktycznemu przewodnikowi po Django zdobędziesz wiedzę i pewność siebie potrzebne do budowania rzeczywistych aplikacji w Pythonie. W przystępny sposób opisano tu podstawowe koncepcje i funkcje Django, a następnie pokazano poszczególne etapy cyklu rozwoju rzeczywistej aplikacji internetowej. Dla celów dydaktycznych ten dość złożony projekt został podzielony na zbiór mniejszych zadań, dzięki czemu Twoja nauka będzie przebiegała w sposób efektywny i przemyślany. W trakcie wykonywania ćwiczeń zdobędziesz praktyczne umiejętności, niezbędne do budowy przyjemnych w użytkowaniu aplikacji WWW. Przekonasz się, że Django pozwala na efektywne i satysfakcjonujące budowanie nawet bardzo ambitnych projektów!\nW książce między innymi:\n\nkonfiguracja projektu Django, szablony HTML i modele danych w Django\npodstawowe elementy aplikacji internetowej, w tym sesje i uwierzytelnianie\ndodawanie interfejsów API typu REST do aplikacji Django\nkorzystanie z zewnętrznych bibliotek Django\ntestowanie kodu za pomocą platform testowych Django i Pythona\n\nDjango ma wszystko, czego wymaga najlepszy projektant aplikacji WWW!\n']",2022,Helion,720,Web Development with Django: Learn to build modern web applications with a Python-based framework,http://www.amazon.com/exec/obidos/ASIN/1839212500/helion-20,Joanna Zatorska,https://helion.pl/ksiazki/twapdj.htm,//helion.pl/pobierz-przyklady/twapdj/
"https://helion.pl/ksiazki/sql-analiza-danych-za-pomoca-zapytan-warsztaty-praktyczne-wydanie-ii-matt-goldwasser-upom-malik-benjamin-johnston,sqlan2.htm",SQL. Analiza danych za pomocą zapytań. Warsztaty praktyczne. Wydanie II,https://static01.helion.com.pl/global/okladki/326x466/sqlan2.jpg,9788328384743,"Matt Goldwasser, Upom Malik, Benjamin Johnston","['Matt Goldwasser od lat pracuje jako analityk danych w prestiżowych firmach. Lubi rozwiązywać problemy z uczeniem maszynowym i poznawać nowe technologie.\n', 'Upom Malik jest naukowcem, zajmuje się analizą danych i stosowaniem SQL do rozwiązywania problemów z branży finansów i energetyki.\n', 'Benjamin Johnston zajmuje się zaawansowaną analizą danych w branży medycznej. Interesuje się uczeniem maszynowym, przetwarzaniem obrazów i sieciami neuronowymi.\n']","['\nObecnie mamy dostęp do terabajtów danych. To nieprzebrane źródło cennych informacji, które mogą decydować o upadku albo o rozkwicie firmy. Aby jednak wydobyć z danych potrzebną wiedzę, trzeba się wykazać kompetencjami. Są to cenne umiejętności - profesjonalny analityk danych może przebierać w atrakcyjnych ofertach pracy. Spośród różnych technik analizy danych warto się przyjrzeć zastosowaniu zapytań SQL. SQL to język tworzony i rozwijany dla potrzeb pracy z bazami danych, jest więc szczególnie przydatnym narzędziem w przyborniku analityka danych.\nTa książka jest znakomitym przewodnikiem dla początkującego analityka danych. Dzięki niej dowiesz się, jak skutecznie przesiewać i uzyskiwać informacje z surowych danych. Nauczysz się formułować hipotezy i generować opisowe statystyki, a także pisać złożone zapytania SQL, które pozwalają na zagregowanie danych z bazy SQL z danymi pochodzącymi z innych źródeł. Zobaczysz, jak pracować z danymi w różnych formatach, i nauczysz się analizy geoprzestrzennej i analizy tekstu. Poznasz też tajniki pozyskiwania informacji z wykorzystaniem takich metod jak profilowanie i automatyzacja.\nW książce:\n\nprzygotowanie danych za pomocą zapytań SQL\nfunkcje agregujące i funkcje okna w SQL\nbazy danych i Excel oraz kod w R i w Pythonie\npraca ze złożonymi typami danych\noptymalizacja zapytań SQL\nmetodyczne rozwiązywanie problemów\n\nSQL: znakomite narzędzie w profesjonalnej analizie danych!\n']",2021,Helion,352,"The Applied SQL Data Analytics Workshop: Develop your practical skills and prepare to become a professional data analyst, 2nd Edition",http://www.amazon.com/exec/obidos/ASIN/1800203675/helion-20,Tomasz Walczak,https://helion.pl/ksiazki/sqlan2.htm,//helion.pl/pobierz-przyklady/sqlan2/
"https://helion.pl/ksiazki/dane-grafowe-w-praktyce-jak-technologie-grafowe-ulatwiaja-rozwiazywanie-zlozonych-problemow-denise-gosnell-matthias-broecheler,dagraf.htm",Dane grafowe w praktyce. Jak technologie grafowe ułatwiają rozwiązywanie złożonych problemów,https://static01.helion.com.pl/global/okladki/326x466/dagraf.jpg,9788328374607,"Denise Gosnell, Matthias Broecheler","['Dr Denise Koessler Gosnell bada i wdraża dane grafowe. Obecnie jest dyrektorką do spraw danych w DataStax, wcześniej zajmowała się łańcuchami bloków, uczeniem maszynowym i analizą wykresów. Opatentowała wiele zastosowań grafów i algorytmów grafowych.\n', 'Dr Matthias Broecheler pełni funkcję dyrektora technicznego w DataStax. Jest ekspertem w zakresie grafowych baz danych, relacyjnego uczenia maszynowego i analizy dużych zbiorów danych, a także twórcą bazy danych Titan.\n']","['\nKomputer do pracy potrzebuje liczb i danych. Człowiek chętniej wysnuwa wnioski i wyodrębnia kontekst na podstawie relacji. Te dwa sposoby myślenia są tak odmienne, że komputery do niedawna z trudem wykonywały zadania związane z operowaniem na relacjach. Obecnie może się to zmienić dzięki grafom. Technologie grafowe łączą ludzkie postrzeganie świata i liniową pamięć komputerów. Ich wdrożenie na szerszą skalę będzie stanowić przełom i pozwoli osiągnąć nieznany dziś poziom. Ale najpierw trzeba nauczyć się stosować myślenie grafowe w rozwiązywaniu problemów technicznych.\nDzięki tej książce opanujesz podstawy myślenia grafowego. Zapoznasz się z elementarnymi koncepcjami grafowymi: teorią grafów, schematami baz danych, systemami rozproszonymi, a także analizą danych. Dowiesz się również, jak wyglądają typowe wzorce wykorzystania danych grafowych w aplikacjach produkcyjnych. Poznasz sposób, w jaki można te wzorce stosować w praktyce. Pokazano tu, jak używać technik programowania funkcyjnego oraz systemów rozproszonych do tworzenia zapytań i analizowania danych grafowych. Opisano też podstawowe podejścia do proceduralnego przechodzenia przez dane grafowe i ich wykorzystanie za pomocą narzędzi grafowych.\nW książce:\n\nnowy paradygmat rozwiązywania problemów: dane grafowe\nwzorce wykorzystania danych grafowych\nprzykładowa architektura aplikacji w technologiach relacyjnych i grafowych\ntechnologie grafowe a przewidywanie preferencji i zaufania użytkowników\nfiltrowanie kolaboratywne i jego zastosowanie\n\nGrafy: przełomowa koncepcja w analizie danych!\n']",2021,Helion,344,The Practitioner's Guide to Graph Data: Applying Graph Thinking and Graph Technologies to Solve Complex Problems 1st Edition,http://www.amazon.com/exec/obidos/ASIN/1492044075/helion-20,Joanna Zatorska,https://helion.pl/ksiazki/dagraf.htm,//helion.pl/pobierz-przyklady/dagraf/
"https://helion.pl/ksiazki/przewodnik-po-mongodb-wydajna-i-skalowalna-baza-danych-wydanie-iii-shannon-bradshaw-eoin-brazil-kristina-chodorow,pmodb3.htm",Przewodnik po MongoDB. Wydajna i skalowalna baza danych. Wydanie III,https://static01.helion.com.pl/global/okladki/326x466/pmodb3.jpg,9788328365339,"Shannon Bradshaw, Eoin Brazil, Kristina Chodorow","['Shannon Bradshaw jest wiceprezesem firmy MongoDB. Zarządza szkoleniami prowadzonymi przez MongoDB University w ramach programu MongoDB Professional Certification. Wcześniej był wykładowcą na wyższych uczelniach.\n', 'Eoin Brazil zajmuje się dydaktyką w firmie MongoDB. Pracuje nad szkoleniami sieciowymi oraz bezpośrednimi.\n', 'Kristina Chodorow jest inżynierem oprogramowania w firmie Google. Rozwijała zbiory replik MongoDB i napisała sterowniki dla języków PHP i Perl. Wypowiadała się na temat MongoDB na międzynarodowych konferencjach.\n']","['\nMongoDB jest wieloplatformowym, nierelacyjnym systemem do obsługi baz danych, napisanym w języku C++. Nie przypomina ściśle ustrukturyzowanych relacyjnych baz danych, zamiast tego korzysta z dokumentów w formacie BSON. Ułatwia to bardziej naturalne przetwarzanie informacji w aplikacjach, oczywiście przy zachowaniu możliwości tworzenia hierarchii oraz indeksowania. W ten sposób cały system zyskuje na wydajności, co jest szczególnie istotne przy przetwarzaniu bardzo dużych zbiorów danych. MongoDB umożliwia stosowanie elastycznych modeli danych, uzyskiwanie wysokiego poziomu dostępności i poziome skalowanie.\nTen praktyczny przewodnik jest przeznaczony dla użytkowników bazy MongoDB w wersji 4.2. W przystępny i konkretny sposób opisuje zalety stosowania dokumentowych baz danych, równocześnie wskazuje zaawansowane metody konfiguracji systemu oraz możliwe zastosowania w różnych projektach. Książka zainteresuje zarówno użytkowników i administratorów MongoDB, jak i programistów tworzących złożone aplikacje. Przedstawia kwestie tworzenia zapytań, indeksów, agregacji, transakcji, zbiorów replik, zarządzania systemem, shardingu i administrowania danymi, trwałości danych, monitorowania systemu oraz jego zabezpieczenia. Znalazło się tu także wprowadzenie do pracy z MongoDB, omówiono też zasady pracy z klastrem shardów oraz administrowania aplikacją i serwerem bazy MongoDB.\nW książce między innymi:\n\nogólne zasady pracy z MongoDB\noperacje zapisu i wyszukiwania oraz tworzenie złożonych zapytań\nindeksy w kolekcjach, agregowanie danych i transakcje\nlokalny zbiór replik i korzystanie z replikacji\nkonfiguracja elementów klastra\nmonitorowanie systemu, kopie bezpieczeństwa i odtwarzanie bazy MongoDB\n\nMongoDB - przekonaj się na własnym systemie!\n']",2020,Helion,480,"MongoDB: The Definitive Guide: Powerful and Scalable Data Storage, 3rd Edition",http://www.amazon.com/exec/obidos/ASIN/1491954469/helion-20,Wojciech Moch,https://helion.pl/ksiazki/pmodb3.htm,//helion.pl/pobierz-przyklady/pmodb3/
"https://helion.pl/ksiazki/jak-dziala-linux-podrecznik-administratora-wydanie-ii-brian-ward,jakli2.htm#format/e",Jak działa Linux. Podręcznik administratora. Wydanie II,https://static01.helion.com.pl/global/okladki/326x466/jakli2.jpg,9788328309807,Brian Ward,"['Brian Ward\xa0— przygodę z systemem Linux rozpoczął w 1993 roku na komputerze z procesorem 386. Posiada tytuł doktora informatyki, uzyskany na Uniwersytecie Chicagowskim. Jest autorem książek poświęconych Linuksowi. Aktualnie mieszka w San Francisco i pracuje jako konsultant oraz trener.\n']","['\nCo każdy administrator powinien wiedzieć\nLinux to system operacyjny będący solą w oku giganta z Redmond. Jego możliwości, wydajność, elastyczność i bezpieczeństwo zostały docenione przez zaawansowanych użytkowników. Natomiast różnorodność powłok graficznych oraz łatwość ich użytkowania przypadły do gustu osobom rozpoczynającym przygodę z tym systemem. Jeżeli chcesz mieć pełną kontrolę nad swoim komputerem i wykorzystać potencjał Linuksa, potrzebujesz tego podręcznika.\n\r\nDzięki niemu poznasz wszystkie elementy systemu — począwszy od czeluści jądra, a skończywszy na powłokach użytkownika. W kolejnych rozdziałach znajdziesz informacje na temat podstawowych poleceń, pozwalających na wydajną nawigację w systemie plików oraz wyświetlanie zawartości tych plików, a także na temat narzędzi do kompresji oraz sposobów zarządzania procesami. Ponadto zobaczysz, jak uzyskać dostęp do urządzeń i zarządzać twardymi dyskami. Na tym etapie będziesz już gotów porównać systemy plików ext3 i ext4 oraz poznać kierunki rozwoju systemów plików. Zdobędziesz także ciekawe wiadomości dotyczące startu systemu, konfiguracji harmonogramu zadań, dostępu do sieci oraz tworzenia skryptów ułatwiających pracę. Ta książka będzie pasjonującą lekturą dla każdego użytkownika chcącego zgłębić tajniki pracy z systemem Linux.\n\nDzięki tej książce:\n\npoznasz podstawowe polecenia dostępne w systemie Linux\nnauczysz się zarządzać dostępnymi zasobami i procesami\nopanujesz narzędzia programistyczne\nzaznajomisz się z podstawami tworzenia skryptów powłoki\npoznasz system Linux od podszewki\n\nWewnętrzne mechanizmy systemu Linux staną się w pełni dla Ciebie dostępne\n']",2015,Helion,456,"How Linux Works: What Every Superuser Should Know, Second Edition",http://www.amazon.com/exec/obidos/ASIN/1593275676/helion-20,"Wojciech Moch, Piotr Pilch",https://helion.pl/ksiazki/jakli2.htm,
"https://helion.pl/ksiazki/linux-komendy-i-polecenia-wydanie-iii-lukasz-sosna,linkp3.htm#format/e",Linux. Komendy i polecenia. Wydanie III,https://static01.helion.com.pl/global/okladki/326x466/linkp3.jpg,8324626026,Łukasz Sosna,[],"['\n Odkryj wielką siłę drzemiącą w Linuksie! \n\nJak zainstalować Linux i zarządzać zasobami komputera z tym systemem?\nCo trzeba wiedzieć o administrowaniu systemem i tworzeniu skryptów powłoki?\nJakie dodatkowe komendy i polecenia warto poznać w pierwszej kolejności?\n\nLinux, jeden z najbardziej znanych i wydajnych systemów operacyjnych, wśród wielu użytkowników komputerów powoli staje się realną alternatywą dla Windows. Pomijając już nawet jego niesamowitą elastyczność, małe wymagania i świetnie działającą społeczność, otwartą na potrzeby nowych członków, atutem Linuksa jest możliwość sterowania nim z poziomu wiersza poleceń, co wydatnie skraca czas operacji i pozwala na pełną kontrolę pracy. Taka komunikacja z systemem jest najefektywniejszym rozwiązaniem i wbrew pozorom wcale nie wymaga od użytkownika znajomości żadnej czarnej magii.\nDziś do Twoich rąk trafia trzecie już, uzupełnione o nowy rozdział wydanie popularnej książki ""Linux. Komendy i polecenia "", niezwykle przydatnej początkującym adeptom tego systemu. Znajdziesz w niej wszystko, co trzeba wiedzieć podczas obsługi Linuksa z poziomu linii poleceń — od kwestii instalacji, przez zasady zarządzania zawartością komputera, aż po szczegółowe zagadnienia z zakresu administrowania systemem. Dowiesz się także, co to są skrypty powłoki i nauczysz się używać zaawansowanych poleceń oszczędzających Twój czas. \r\n\r\nW książce omówiono następujące tematy:\r\n\nDostępne dystrybucje\nInstalacja systemu\nŚrodowisko pracy i logowanie się do systemu\nDyski i partycje\nOperacje na plikach i katalogach\nPrawa dostępu, zmiana hasła i zmiana powłoki\nInformacje o sprzęcie i użytkownikach\nPoziom uruchomienia systemu\nDemony usług\nUżytkownicy i grupy\nTworzenie skryptów powłoki\nDodatkowe informacje o plikach i katalogach\n\nLinux — naucz się praktycznej i efektywnej obsługi systemu!  \n']",2010,Helion,144,,,,https://helion.pl/ksiazki/linkp3.htm,
